,PC1,PC2,PC3
Temperature,-0.3383504960037584,-0.1569356927588261,-0.23640611432273745
Humidity,0.011251319647558655,0.23559064013669864,0.9106082343023738
NO2,0.5075838546692385,-0.3686961583881437,0.18275516177496326
SO2,0.5409498250137862,-0.5222416683568933,-0.03508509377785801
PM2.5,0.5788991854864456,0.7149790355247636,-0.2833273367868758
